_id,diaryId,studentId,schoolId
596393970148403c09527001,596393970148403c09526001,596393970148403c09545001,596393970148403c09541001
596393970148403c09527002,596393970148403c09526002,596393970148403c09545001,596393970148403c09541001
596393970148403c09527003,596393970148403c09526003,596393970148403c09545001,596393970148403c09541001
596393970148403c09527004,596393970148403c09526004,596393970148403c09545001,596393970148403c09541001
596393970148403c09527005,596393970148403c09526005,596393970148403c09545001,596393970148403c09541001
596393970148403c09527006,596393970148403c09526006,596393970148403c09545001,596393970148403c09541001
596393970148403c09527007,596393970148403c09526007,596393970148403c09545001,596393970148403c09541001
596393970148403c09527008,596393970148403c09526008,596393970148403c09545001,596393970148403c09541001
596393970148403c09527009,596393970148403c09526009,596393970148403c09545001,596393970148403c09541001
596393970148403c09527014,596393970148403c09526005,596393970148403c09545002,596393970148403c09541001
596393970148403c09527015,596393970148403c09526006,596393970148403c09545002,596393970148403c09541001
596393970148403c09527016,596393970148403c09526007,596393970148403c09545002,596393970148403c09541001
596393970148403c09527017,596393970148403c09526008,596393970148403c09545002,596393970148403c09541001
596393970148403c09527018,596393970148403c09526009,596393970148403c09545002,596393970148403c09541001
596393970148403c09527019,596393970148403c09526001,596393970148403c09545005,596393970148403c09541001
596393970148403c09527020,596393970148403c09526002,596393970148403c09545005,596393970148403c09541001
596393970148403c09527021,596393970148403c09526003,596393970148403c09545005,596393970148403c09541001
596393970148403c09527027,596393970148403c09526009,596393970148403c09545005,596393970148403c09541001
